log permeability [m^2],GWR_precp_rate [-],Permeability [m^2],Max Global Sal [mol],SLR offset,f_vert
-12.37355271,0.450835438,4.23E-13,1318125.23,0m0,0.02543863
-12.37355271,0.450835438,4.23E-13,1719408.37,0m5,0.030127963
-12.37355271,0.450835438,4.23E-13,2897033.45,1m0,0.166176114
-12.37355271,0.450835438,4.23E-13,5624898.26,1m5,0.203162706
-11.26481721,0.413378412,5.43E-12,140146673,0m0,0.080766941
-11.26481721,0.413378412,5.43E-12,122519759,0m5,0.147144749
-11.26481721,0.413378412,5.43E-12,103463714,1m0,0.231437292
-11.26481721,0.413378412,5.43E-12,76936724.8,1m5,0.356405899
-11.69275234,0.119279605,2.03E-12,201743352,0m0,0.139521058
-11.69275234,0.119279605,2.03E-12,209992518,0m5,0.246104695
-11.69275234,0.119279605,2.03E-12,220680520,1m0,0.371462495
-11.69275234,0.119279605,2.03E-12,223434787,1m5,0.523834421
-12.25363188,0.490146209,5.58E-13,1750038.49,0m0,0.044366788
-12.25363188,0.490146209,5.58E-13,1999774.44,0m5,0.073690836
-12.25363188,0.490146209,5.58E-13,3109572.41,1m0,0.194825226
-12.25363188,0.490146209,5.58E-13,6595171.51,1m5,0.350099531
-11.58441019,0.487231494,2.60E-12,15468130,0m0,0.046754381
-11.58441019,0.487231494,2.60E-12,12723124.2,0m5,0.084658755
-11.58441019,0.487231494,2.60E-12,11177544.9,1m0,0.151453977
-11.58441019,0.487231494,2.60E-12,10128522.7,1m5,0.257581386
-10.80220914,0.417076187,1.58E-11,332842083,0m0,0.444216104
-10.80220914,0.417076187,1.58E-11,390218497,0m5,0.719435809
-10.80220914,0.417076187,1.58E-11,494908700,1m0,0.902968047
-10.80220914,0.417076187,1.58E-11,857294395,1m5,0.979853512
-11.41588785,0.60377204,3.84E-12,16313713.9,0m0,0.038455626
-11.41588785,0.60377204,3.84E-12,12326836.3,0m5,0.062507846
-11.41588785,0.60377204,3.84E-12,11101231.3,1m0,0.141396362
-11.41588785,0.60377204,3.84E-12,9291432.63,1m5,0.205986699
-10.31023338,0.257148079,4.90E-11,1906658110,0m0,0.627410343
-10.31023338,0.257148079,4.90E-11,2246410250,0m5,0.91547519
-10.31023338,0.257148079,4.90E-11,3242113500,1m0,0.995324629
-10.31023338,0.257148079,4.90E-11,5821268470,1m5,1
-11.07677813,0.304533169,8.38E-12,192065368,0m0,0.270794843
-11.07677813,0.304533169,8.38E-12,216094369,0m5,0.501610651
-11.07677813,0.304533169,8.38E-12,254055590,1m0,0.726240689
-11.07677813,0.304533169,8.38E-12,364725060,1m5,0.892499212
-9.920136742,0.534621101,1.20E-10,807568796,0m0,0.962760907
-9.920136742,0.534621101,1.20E-10,987655974,0m5,0.998977676
-9.920136742,0.534621101,1.20E-10,1578594350,1m0,0.999627635
-9.920136742,0.534621101,1.20E-10,3075482930,1m5,1
-12.3104107,0.268366582,4.89E-13,1067896.54,0m0,0.001065305
-12.3104107,0.268366582,4.89E-13,1187980.67,0m5,0.001668267
-12.3104107,0.268366582,4.89E-13,1818191.05,1m0,0.043735624
-12.3104107,0.268366582,4.89E-13,3137175.83,1m5,0.002530674
-11.81797481,0.481425926,1.52E-12,5941429.71,0m0,0.021620807
-11.81797481,0.481425926,1.52E-12,4988594.46,0m5,0.042715632
-11.81797481,0.481425926,1.52E-12,5256198.41,1m0,0.115248621
-11.81797481,0.481425926,1.52E-12,6202828.61,1m5,0.195526657
-12.36044769,0.09372605,4.36E-13,27508337.7,0m0,0.142125471
-12.36044769,0.09372605,4.36E-13,27087999.5,0m5,0.238400918
-12.36044769,0.09372605,4.36E-13,33272438.6,1m0,0.354049667
-12.36044769,0.09372605,4.36E-13,40727702.1,1m5,0.51895494
-12.69128426,0.105689186,2.04E-13,7392015.68,0m0,0.181574612
-12.69128426,0.105689186,2.04E-13,8414648.01,0m5,0.270851403
-12.69128426,0.105689186,2.04E-13,12559062.7,1m0,0.375197869
-12.69128426,0.105689186,2.04E-13,19010261,1m5,0.507025216
-12.92988607,0.191241349,1.18E-13,4108555.24,0m0,0.048352798
-12.92988607,0.191241349,1.18E-13,5640256.08,0m5,0.049613483
-12.92988607,0.191241349,1.18E-13,9582496.77,1m0,0.154157145
-12.92988607,0.191241349,1.18E-13,15587381.7,1m5,0.188005864
-12.65285135,0.148015564,2.22E-13,4030534.69,0m0,0.027743638
-12.65285135,0.148015564,2.22E-13,4623697.14,0m5,0.044369972
-12.65285135,0.148015564,2.22E-13,6762369.52,1m0,0.115137607
-12.65285135,0.148015564,2.22E-13,10808691,1m5,0.160567188
-11.85077243,0.390444361,1.41E-12,10026819.7,0m0,0.048408288
-11.85077243,0.390444361,1.41E-12,8823800.28,0m5,0.089236542
-11.85077243,0.390444361,1.41E-12,9131669.3,1m0,0.166224262
-11.85077243,0.390444361,1.41E-12,10316390.7,1m5,0.278097345
-11.62232945,0.472334037,2.39E-12,21078404.4,0m0,0.051750112
-11.62232945,0.472334037,2.39E-12,17743708.1,0m5,0.091905832
-11.62232945,0.472334037,2.39E-12,15967048.6,1m0,0.164350745
-11.62232945,0.472334037,2.39E-12,14752806,1m5,0.266839995
-12.1735269,0.035548197,6.71E-13,148556231,0m0,0.086201408
-12.1735269,0.035548197,6.71E-13,121009527,0m5,0.155282887
-12.1735269,0.035548197,6.71E-13,93324175.2,1m0,0.247021705
-12.1735269,0.035548197,6.71E-13,64946642.8,1m5,0.373197772
-12.76690631,0.577072491,1.71E-13,2876132.79,0m0,0
-12.76690631,0.577072491,1.71E-13,4172570.29,0m5,0
-12.76690631,0.577072491,1.71E-13,7060994.4,1m0,0.022688628
-12.76690631,0.577072491,1.71E-13,12275221.5,1m5,0.022742517
-11.28417268,0.444254419,5.20E-12,116086223,0m0,0.069495664
-11.28417268,0.444254419,5.20E-12,97239131.8,0m5,0.125045771
-11.28417268,0.444254419,5.20E-12,77840385,1m0,0.203519003
-11.28417268,0.444254419,5.20E-12,54091999.2,1m5,0.314933655
-12.27762545,0.559062532,5.28E-13,2350186.39,0m0,0.100375068
-12.27762545,0.559062532,5.28E-13,3028593.9,0m5,0.141951793
-12.27762545,0.559062532,5.28E-13,5089503.53,1m0,0.310860571
-12.27762545,0.559062532,5.28E-13,10088774.5,1m5,0.433660021
-12.34231842,0.200783717,4.55E-13,7160557.84,0m0,0.050635765
-12.34231842,0.200783717,4.55E-13,6893872.24,0m5,0.087082705
-12.34231842,0.200783717,4.55E-13,8605357.86,1m0,0.1482194
-12.34231842,0.200783717,4.55E-13,12257173.8,1m5,0.275365271
-11.58029118,0.396071149,2.63E-12,33063127.8,0m0,0.071661699
-11.58029118,0.396071149,2.63E-12,30239679.1,0m5,0.136034621
-11.58029118,0.396071149,2.63E-12,28730820.9,1m0,0.206033021
-11.58029118,0.396071149,2.63E-12,26182559.8,1m5,0.337334859
-11.69632266,0.176067502,2.01E-12,106887614,0m0,0.089640956
-11.69632266,0.176067502,2.01E-12,100607529,0m5,0.168982116
-11.69632266,0.176067502,2.01E-12,93862246,1m0,0.254773501
-11.69632266,0.176067502,2.01E-12,80804022.5,1m5,0.391018322
-13.80615592,0.372064423,1.56E-14,15298892.5,0m0,0
-13.80615592,0.372064423,1.56E-14,18480201.9,0m5,0
-13.80615592,0.372064423,1.56E-14,23786782.3,1m0,0
-13.80615592,0.372064423,1.56E-14,26954680.7,1m5,0
-11.44137352,0.330369326,3.62E-12,50261795.8,0m0,0.0557348
-11.44137352,0.330369326,3.62E-12,38255613.9,0m5,0.102557539
-11.44137352,0.330369326,3.62E-12,29107210,1m0,0.179234576
-11.44137352,0.330369326,3.62E-12,20855035.8,1m5,0.291125319
-12.13897475,0.463800944,7.26E-13,2462513.22,0m0,0.028654985
-12.13897475,0.463800944,7.26E-13,2578374.19,0m5,0.042372285
-12.13897475,0.463800944,7.26E-13,3626247,1m0,0.134497285
-12.13897475,0.463800944,7.26E-13,6376733.34,1m5,0.223335801
-12.0832688,0.415801482,8.26E-13,4428597.38,0m0,0.101371763
-12.0832688,0.415801482,8.26E-13,4684311.46,0m5,0.174185161
-12.0832688,0.415801482,8.26E-13,6435016.95,1m0,0.312434052
-12.0832688,0.415801482,8.26E-13,10375275.1,1m5,0.486694503
-12.90881618,0.109760767,1.23E-13,5743756.09,0m0,0.407489303
-12.90881618,0.109760767,1.23E-13,7387414.71,0m5,0.458768943
-12.90881618,0.109760767,1.23E-13,13596216.5,1m0,0.551688096
-12.90881618,0.109760767,1.23E-13,21907227.4,1m5,0.686202983
-12.3892107,0.181779808,4.08E-13,7110340.27,0m0,0.022578604
-12.3892107,0.181779808,4.08E-13,6616407.37,0m5,0.035275879
-12.3892107,0.181779808,4.08E-13,8081151.06,1m0,0.079759133
-12.3892107,0.181779808,4.08E-13,11342225.2,1m5,0.159211328
-14.21986962,0.158189616,6.03E-15,23281071.1,0m0,0
-14.21986962,0.158189616,6.03E-15,25875146.7,0m5,0
-14.21986962,0.158189616,6.03E-15,37476213.4,1m0,0
-14.21986962,0.158189616,6.03E-15,34742598.2,1m5,0
-11.56869051,0.224035847,2.70E-12,78823875.4,0m0,0.067759932
-11.56869051,0.224035847,2.70E-12,63768545.5,0m5,0.121737085
-11.56869051,0.224035847,2.70E-12,49711450.8,1m0,0.198375911
-11.56869051,0.224035847,2.70E-12,34943982.2,1m5,0.316262269
-12.02742633,0.324592995,9.39E-13,15008027,0m0,0.158424148
-12.02742633,0.324592995,9.39E-13,15205965.9,0m5,0.248449895
-12.02742633,0.324592995,9.39E-13,20551463.9,1m0,0.365872804
-12.02742633,0.324592995,9.39E-13,28555421.3,1m5,0.557221359
-12.12028092,0.328323267,7.58E-13,4858946.42,0m0,0.016323964
-12.12028092,0.328323267,7.58E-13,4319273.73,0m5,0.032843556
-12.12028092,0.328323267,7.58E-13,4849040.33,1m0,0.085828615
-12.12028092,0.328323267,7.58E-13,6923699.18,1m5,0.183814733
-12.82354128,0.270484631,1.50E-13,2848956.89,0m0,0
-12.82354128,0.270484631,1.50E-13,3984942.77,0m5,0
-12.82354128,0.270484631,1.50E-13,6406217.53,1m0,0.00658627
-12.82354128,0.270484631,1.50E-13,10886126.9,1m5,0.002312291
-11.85334887,0.215832343,1.40E-12,25757145.2,0m0,0.046729936
-11.85334887,0.215832343,1.40E-12,20377813.3,0m5,0.083542942
-11.85334887,0.215832343,1.40E-12,16666257.3,1m0,0.146570818
-11.85334887,0.215832343,1.40E-12,13987519.7,1m5,0.227129989
-11.34904104,0.385845926,4.48E-12,39544395.6,0m0,0.052907034
-11.34904104,0.385845926,4.48E-12,29304394.6,0m5,0.098625881
-11.34904104,0.385845926,4.48E-12,22780468.4,1m0,0.176333936
-11.34904104,0.385845926,4.48E-12,16526674.2,1m5,0.269977519
-13.19852637,0.368827784,6.33E-14,4993620.14,0m0,0
-13.19852637,0.368827784,6.33E-14,7002440.42,0m5,0
-13.19852637,0.368827784,6.33E-14,11529346.6,1m0,0.005644561
-13.19852637,0.368827784,6.33E-14,16874649.1,1m5,0.005416793
-10.37962542,0.425125857,4.17E-11,825534770,0m0,0.716726419
-10.37962542,0.425125857,4.17E-11,990498709,0m5,0.94152773
-10.37962542,0.425125857,4.17E-11,1641252780,1m0,0.99687244
-10.37962542,0.425125857,4.17E-11,2814742020,1m5,1
-11.71221043,0.130853484,1.94E-12,93546140.5,0m0,0.107398125
-11.71221043,0.130853484,1.94E-12,93564893.9,0m5,0.202356802
-11.71221043,0.130853484,1.94E-12,89591799.7,1m0,0.299653932
-11.71221043,0.130853484,1.94E-12,83148584.9,1m5,0.45350379
-10.69534241,0.410352632,2.02E-11,351273234,0m0,0.652013166
-10.69534241,0.410352632,2.02E-11,394050690,0m5,0.88555574
-10.69534241,0.410352632,2.02E-11,500840992,1m0,0.972963382
-10.69534241,0.410352632,2.02E-11,1034401720,1m5,0.998926054
-13.37693129,0.392981519,4.20E-14,5825804.85,0m0,0
-13.37693129,0.392981519,4.20E-14,7963705.24,0m5,0
-13.37693129,0.392981519,4.20E-14,11753592,1m0,0
-13.37693129,0.392981519,4.20E-14,16300143.9,1m5,0
-11.80856234,0.313505163,1.55E-12,14389365.2,0m0,0.037773089
-11.80856234,0.313505163,1.55E-12,11377444.3,0m5,0.062851117
-11.80856234,0.313505163,1.55E-12,9902878.55,1m0,0.128000946
-11.80856234,0.313505163,1.55E-12,9359357.94,1m5,0.211399612
-10.12309024,0.54435318,7.53E-11,1457827710,0m0,0.710626775
-10.12309024,0.54435318,7.53E-11,1738415210,0m5,0.947430161
-10.12309024,0.54435318,7.53E-11,2663002060,1m0,0.997605288
-10.12309024,0.54435318,7.53E-11,4694176020,1m5,1
-12.00432762,0.29447137,9.90E-13,4321616.2,0m0,0.016938918
-12.00432762,0.29447137,9.90E-13,3471231.64,0m5,0.031882578
-12.00432762,0.29447137,9.90E-13,3730535.58,1m0,0.099994897
-12.00432762,0.29447137,9.90E-13,4486899.95,1m5,0.162340228
-12.31536358,0.644534065,4.84E-13,1248805.11,0m0,0.003800769
-12.31536358,0.644534065,4.84E-13,1702141.8,0m5,0.002713486
-12.31536358,0.644534065,4.84E-13,2922663.49,1m0,0.060486914
-12.31536358,0.644534065,4.84E-13,5766066.43,1m5,0.068640975
-11.66801787,0.408858251,2.15E-12,16302782.6,0m0,0.032552328
-11.66801787,0.408858251,2.15E-12,12047757.2,0m5,0.054612935
-11.66801787,0.408858251,2.15E-12,10166249.4,1m0,0.120763652
-11.66801787,0.408858251,2.15E-12,8624912.51,1m5,0.19991471
-11.89297164,0.061512571,1.28E-12,147344101,0m0,0.116709518
-11.89297164,0.061512571,1.28E-12,132505602,0m5,0.202643248
-11.89297164,0.061512571,1.28E-12,107081618,1m0,0.287899806
-11.89297164,0.061512571,1.28E-12,80689813.2,1m5,0.423247883
-11.51507313,0.553430565,3.05E-12,19026196.3,0m0,0.048404369
-11.51507313,0.553430565,3.05E-12,15683313.8,0m5,0.085614225
-11.51507313,0.553430565,3.05E-12,13578004.6,1m0,0.152812634
-11.51507313,0.553430565,3.05E-12,11633416.9,1m5,0.23090515
-11.23144551,0.548706191,5.87E-12,31186854.7,0m0,0.045766577
-11.23144551,0.548706191,5.87E-12,21517465.8,0m5,0.08076919
-11.23144551,0.548706191,5.87E-12,17871545.4,1m0,0.157624232
-11.23144551,0.548706191,5.87E-12,13410821.5,1m5,0.242604296
-11.95672178,0.423252174,1.10E-12,4407153.76,0m0,0.026117924
-11.95672178,0.423252174,1.10E-12,3810163.07,0m5,0.051634848
-11.95672178,0.423252174,1.10E-12,4151678.54,1m0,0.126412506
-11.95672178,0.423252174,1.10E-12,5480686.92,1m5,0.228060952
-10.81985238,0.374920921,1.51E-11,412002147,0m0,0.475789144
-10.81985238,0.374920921,1.51E-11,501421393,0m5,0.746738764
-10.81985238,0.374920921,1.51E-11,651702178,1m0,0.916189942
-10.81985238,0.374920921,1.51E-11,1198749790,1m5,0.986290346
-13.05301133,0.250977302,8.85E-14,3696369.6,0m0,0.004698263
-13.05301133,0.250977302,8.85E-14,5225430.15,0m5,0.000806363
-13.05301133,0.250977302,8.85E-14,9080940.72,1m0,0.053566099
-13.05301133,0.250977302,8.85E-14,14500727.4,1m5,0.04157407
-12.14881557,0.383694584,7.10E-13,2865076.1,0m0,0.014506959
-12.14881557,0.383694584,7.10E-13,2823555.98,0m5,0.029676121
-12.14881557,0.383694584,7.10E-13,3609370.78,1m0,0.073073778
-12.14881557,0.383694584,7.10E-13,5874135.04,1m5,0.178425064
-11.92316947,0.210241279,1.19E-12,19898899.9,0m0,0.083338374
-11.92316947,0.210241279,1.19E-12,18856563.8,0m5,0.155204095
-11.92316947,0.210241279,1.19E-12,20106756,1m0,0.248631823
-11.92316947,0.210241279,1.19E-12,20289799.7,1m5,0.392577076
-12.79620033,0.397833967,1.60E-13,2381008.6,0m0,0
-12.79620033,0.397833967,1.60E-13,3417538.58,0m5,0.000101083
-12.79620033,0.397833967,1.60E-13,5659614.47,1m0,0.018887059
-12.79620033,0.397833967,1.60E-13,9891802.77,1m5,0.014520059
-11.51783254,0.333881285,3.04E-12,11640697.1,0m0,0.037876047
-11.51783254,0.333881285,3.04E-12,7942872.17,0m5,0.068023503
-11.51783254,0.333881285,3.04E-12,7406002.81,1m0,0.146112211
-11.51783254,0.333881285,3.04E-12,6046462.19,1m5,0.231654898
-12.4069722,0.298137456,3.92E-13,1220156.69,0m0,0.013971981
-12.4069722,0.298137456,3.92E-13,1409360.07,0m5,0.027620928
-12.4069722,0.298137456,3.92E-13,2159371.77,1m0,0.1256339
-12.4069722,0.298137456,3.92E-13,3969623.95,1m5,0.170956782
-12.96332822,0.211603632,1.09E-13,3633942.58,0m0,0
-12.96332822,0.211603632,1.09E-13,5051874.66,0m5,0
-12.96332822,0.211603632,1.09E-13,7962119.31,1m0,0.01047194
-12.96332822,0.211603632,1.09E-13,12856066.1,1m5,0.006783394
-12.44201243,0.359413209,3.61E-13,1696269.91,0m0,0.006992046
-12.44201243,0.359413209,3.61E-13,2133430.59,0m5,0.008822828
-12.44201243,0.359413209,3.61E-13,3443528.11,1m0,0.073887136
-12.44201243,0.359413209,3.61E-13,6457156.36,1m5,0.073474424
-10.6053651,0.135175491,2.48E-11,3056275750,0m0,0.550229342
-10.6053651,0.135175491,2.48E-11,3650419130,0m5,0.860052782
-10.6053651,0.135175491,2.48E-11,5248305560,1m0,0.984765033
-10.6053651,0.135175491,2.48E-11,9303713140,1m5,0.999911569
-11.75787944,0.167239455,1.75E-12,77813577.7,0m0,0.100085438
-11.75787944,0.167239455,1.75E-12,76024205.4,0m5,0.184627174
-11.75787944,0.167239455,1.75E-12,76382136.2,1m0,0.27020539
-11.75787944,0.167239455,1.75E-12,74321455.9,1m5,0.423362062
-10.84829798,0.192325341,1.42E-11,819930231,0m0,0.568224548
-10.84829798,0.192325341,1.42E-11,1027171040,0m5,0.842664381
-10.84829798,0.192325341,1.42E-11,1600616870,1m0,0.971495609
-10.84829798,0.192325341,1.42E-11,2651424570,1m5,0.999120586
-12.39709544,0.313946986,4.01E-13,1962713.93,0m0,0.063958163
-12.39709544,0.313946986,4.01E-13,2339367.2,0m5,0.112104556
-12.39709544,0.313946986,4.01E-13,3648860.99,1m0,0.25001923
-12.39709544,0.313946986,4.01E-13,6701335.07,1m5,0.383071235
-12.55682006,0.431156474,2.77E-13,1705284.2,0m0,0.011300143
-12.55682006,0.431156474,2.77E-13,2390659.78,0m5,0.010201918
-12.55682006,0.431156474,2.77E-13,4088762.72,1m0,0.12277749
-12.55682006,0.431156474,2.77E-13,7799173.28,1m5,0.13712419
-12.77275357,0.347076027,1.69E-13,2378613.35,0m0,0
-12.77275357,0.347076027,1.69E-13,3376667.68,0m5,0
-12.77275357,0.347076027,1.69E-13,5474313.24,1m0,0.000673309
-12.77275357,0.347076027,1.69E-13,9620646.79,1m5,0
-12.80859512,0.197956848,1.55E-13,3310338.26,0m0,0.216037168
-12.80859512,0.197956848,1.55E-13,4453957.51,0m5,0.217267249
-12.80859512,0.197956848,1.55E-13,7717949.82,1m0,0.36785716
-12.80859512,0.197956848,1.55E-13,13411559.1,1m5,0.445232102
-11.45001422,0.262721524,3.55E-12,83916915.3,0m0,0.075813092
-11.45001422,0.262721524,3.55E-12,71952918.3,0m5,0.140719505
-11.45001422,0.262721524,3.55E-12,57920294.9,1m0,0.220164177
-11.45001422,0.262721524,3.55E-12,42135345.1,1m5,0.342357934
-11.54431932,0.197101028,2.86E-12,165005418,0m0,0.079736319
-11.54431932,0.197101028,2.86E-12,142731783,0m5,0.14622854
-11.54431932,0.197101028,2.86E-12,114442005,1m0,0.221282839
-11.54431932,0.197101028,2.86E-12,79404180.7,1m5,0.348567197
-12.05752302,0.054667861,8.76E-13,158956413,0m0,0.140819066
-12.05752302,0.054667861,8.76E-13,161972277,0m5,0.251112723
-12.05752302,0.054667861,8.76E-13,165295016,1m0,0.374787584
-12.05752302,0.054667861,8.76E-13,172351363,1m5,0.532928157
-11.11536707,0.50227436,7.67E-12,55459617,0m0,0.085989101
-11.11536707,0.50227436,7.67E-12,53766013.2,0m5,0.172462343
-11.11536707,0.50227436,7.67E-12,48161559.8,1m0,0.261995212
-11.11536707,0.50227436,7.67E-12,43150753.4,1m5,0.403953005
-12.22885474,0.42983852,5.90E-13,2053307.21,0m0,0.042387899
-12.22885474,0.42983852,5.90E-13,2323085.54,0m5,0.069130273
-12.22885474,0.42983852,5.90E-13,3477204.08,1m0,0.192169291
-12.22885474,0.42983852,5.90E-13,6294120.92,1m5,0.303824536
-13.27129512,0.173985818,5.35E-14,6630478.77,0m0,0.000212212
-13.27129512,0.173985818,5.35E-14,9024706.03,0m5,0
-13.27129512,0.173985818,5.35E-14,14537091.5,1m0,0.019443665
-13.27129512,0.173985818,5.35E-14,20310026,1m5,0.018869771
-11.50423844,0.238436852,3.13E-12,132796172,0m0,0.104821956
-11.50423844,0.238436852,3.13E-12,131349589,0m5,0.191805632
-11.50423844,0.238436852,3.13E-12,130417473,1m0,0.29129973
-11.50423844,0.238436852,3.13E-12,124416070,1m5,0.419800825
-13.6991132,0.28721384,2.00E-14,11041405.5,0m0,0
-13.6991132,0.28721384,2.00E-14,13928037,0m5,0
-13.6991132,0.28721384,2.00E-14,20436320.3,1m0,0
-13.6991132,0.28721384,2.00E-14,23654915.7,1m5,0
-12.60810567,0.306351502,2.47E-13,1978177.82,0m0,0.111724436
-12.60810567,0.306351502,2.47E-13,2646401.03,0m5,0.132705666
-12.60810567,0.306351502,2.47E-13,4539963.67,1m0,0.285791649
-12.60810567,0.306351502,2.47E-13,8729960.58,1m5,0.397779264
-11.72650749,0.493973107,1.88E-12,8742112.52,0m0,0.023068308
-11.72650749,0.493973107,1.88E-12,6772581.49,0m5,0.041218711
-11.72650749,0.493973107,1.88E-12,6709725.07,1m0,0.107098675
-11.72650749,0.493973107,1.88E-12,7128250.44,1m5,0.187477599
-13.01774441,0.350921775,9.60E-14,3346069.35,0m0,0
-13.01774441,0.350921775,9.60E-14,4775571.72,0m5,0
-13.01774441,0.350921775,9.60E-14,7673293.77,1m0,0.003218014
-13.01774441,0.350921775,9.60E-14,12326017.6,1m5,0.00189728
-12.4618844,0.353821699,3.45E-13,495012.662,0m0,0.000690503
-12.4618844,0.353821699,3.45E-13,621818.206,0m5,0
-12.4618844,0.353821699,3.45E-13,1061955.26,1m0,0.04005381
-12.4618844,0.353821699,3.45E-13,1995275.21,1m5,0.018195277
-12.55136427,0.447255147,2.81E-13,2783639.84,0m0,0.010772377
-12.55136427,0.447255147,2.81E-13,3881763.38,0m5,0.008435076
-12.55136427,0.447255147,2.81E-13,6542526.02,1m0,0.086181789
-12.55136427,0.447255147,2.81E-13,12175348.5,1m5,0.10308056
-10.6471777,0.589250232,2.25E-11,376819432,0m0,0.466945031
-10.6471777,0.589250232,2.25E-11,453184431,0m5,0.737341831
-10.6471777,0.589250232,2.25E-11,624309797,1m0,0.92053126
-10.6471777,0.589250232,2.25E-11,1095518860,1m5,0.985514243
-12.08719163,0.168904119,8.18E-13,26430065.6,0m0,0.113681381
-12.08719163,0.168904119,8.18E-13,26005707.9,0m5,0.218508693
-12.08719163,0.168904119,8.18E-13,31154831,1m0,0.314817446
-12.08719163,0.168904119,8.18E-13,36418919.1,1m5,0.484334473
-11.40175177,0.621865426,3.97E-12,30976504.9,0m0,0.058572118
-11.40175177,0.621865426,3.97E-12,26730088.8,0m5,0.110000219
-11.40175177,0.621865426,3.97E-12,23414462.2,1m0,0.177707251
-11.40175177,0.621865426,3.97E-12,19913981.5,1m5,0.289256277
-11.2460233,0.215154388,5.68E-12,147124526,0m0,0.268578296
-11.2460233,0.215154388,5.68E-12,144426961,0m5,0.448738268
-11.2460233,0.215154388,5.68E-12,121234576,1m0,0.553504276
-11.2460233,0.215154388,5.68E-12,77260731.5,1m5,0.576492726
-11.32591586,0.353249431,4.72E-12,19803035.5,0m0,0.075475217
-11.32591586,0.353249431,4.72E-12,18014147,0m5,0.141353558
-11.32591586,0.353249431,4.72E-12,17466275.5,1m0,0.234944451
-11.32591586,0.353249431,4.72E-12,14919028.3,1m5,0.353020996
-10.91498469,0.426558642,1.22E-11,127310409,0m0,0.339221779
-10.91498469,0.426558642,1.22E-11,117958003,0m5,0.51597877
-10.91498469,0.426558642,1.22E-11,114466020,1m0,0.701551859
-10.91498469,0.426558642,1.22E-11,99870047.7,1m5,0.828722899
-12.48634946,0.141085349,3.26E-13,9994654.68,0m0,0.100649542
-12.48634946,0.141085349,3.26E-13,10480573.5,0m5,0.169348126
-12.48634946,0.141085349,3.26E-13,14349931.2,1m0,0.253971219
-12.48634946,0.141085349,3.26E-13,20386302.8,1m5,0.437570551
-12.68258584,0.477185257,2.08E-13,3185868.52,0m0,0
-12.68258584,0.477185257,2.08E-13,4549390.59,0m5,0
-12.68258584,0.477185257,2.08E-13,7536151.44,1m0,0.015579488
-12.68258584,0.477185257,2.08E-13,13088281.7,1m5,0.011071095
-12.04576201,0.339278171,9.00E-13,5213865.11,0m0,0.03045852
-12.04576201,0.339278171,9.00E-13,4687197.59,0m5,0.058019877
-12.04576201,0.339278171,9.00E-13,5080782.28,1m0,0.136384131
-12.04576201,0.339278171,9.00E-13,6772370.94,1m5,0.245787854
-11.83025141,0.207363594,1.48E-12,13707881.4,0m0,0.06613722
-11.83025141,0.207363594,1.48E-12,12337499.9,0m5,0.126473701
-11.83025141,0.207363594,1.48E-12,11333574.4,1m0,0.205006233
-11.83025141,0.207363594,1.48E-12,9611276.39,1m5,0.31992132
-12.18382478,0.077136055,6.55E-13,80968890.5,0m0,0.11245972
-12.18382478,0.077136055,6.55E-13,77669694.9,0m5,0.211217958
-12.18382478,0.077136055,6.55E-13,81354360.1,1m0,0.307596551
-12.18382478,0.077136055,6.55E-13,85185577.9,1m5,0.465518026
-11.15815453,0.264415912,6.95E-12,151228497,0m0,0.293793962
-11.15815453,0.264415912,6.95E-12,163587413,0m5,0.480469508
-11.15815453,0.264415912,6.95E-12,193688280,1m0,0.713913026
-11.15815453,0.264415912,6.95E-12,185049213,1m5,0.77956505
-12.73054406,0.560911643,1.86E-13,1719533.75,0m0,0
-12.73054406,0.560911643,1.86E-13,2509569.6,0m5,0
-12.73054406,0.560911643,1.86E-13,4317409.48,1m0,0.037593521
-12.73054406,0.560911643,1.86E-13,7941241.38,1m5,0.039934861
-12.35408847,0.284063517,4.42E-13,1882951.5,0m0,0.034829885
-12.35408847,0.284063517,4.42E-13,2203752.39,0m5,0.047162482
-12.35408847,0.284063517,4.42E-13,3328049.64,1m0,0.174246859
-12.35408847,0.284063517,4.42E-13,6010015.26,1m5,0.262919377
-11.73673468,0.437505463,1.83E-12,5517272.79,0m0,0.020499024
-11.73673468,0.437505463,1.83E-12,4142348.73,0m5,0.034278642
-11.73673468,0.437505463,1.83E-12,4553711.84,1m0,0.110031169
-11.73673468,0.437505463,1.83E-12,4912668.59,1m5,0.186928221
-12.58759094,0.660835286,2.58E-13,1380759.64,0m0,0
-12.58759094,0.660835286,2.58E-13,2012195.18,0m5,0
-12.58759094,0.660835286,2.58E-13,3453088.93,1m0,0.02381739
-12.58759094,0.660835286,2.58E-13,6584510.68,1m5,0.017390117
-12.42722865,0.288792695,3.74E-13,1782133.57,0m0,0.010869973
-12.42722865,0.288792695,3.74E-13,2114822.64,0m5,0.018677179
-12.42722865,0.288792695,3.74E-13,3232768.38,1m0,0.095787587
-12.42722865,0.288792695,3.74E-13,5811774.37,1m5,0.119734439
-11.12320931,0.292505497,7.53E-12,264489280,0m0,0.240278594
-11.12320931,0.292505497,7.53E-12,303083128,0m5,0.449837974
-11.12320931,0.292505497,7.53E-12,352147959,1m0,0.660638733
-11.12320931,0.292505497,7.53E-12,443322464,1m5,0.832935923
-11.96984897,0.234680668,1.07E-12,13024520.1,0m0,0.026453264
-11.96984897,0.234680668,1.07E-12,9637075.81,0m5,0.0468487
-11.96984897,0.234680668,1.07E-12,8226530.1,1m0,0.079148154
-11.96984897,0.234680668,1.07E-12,8142981.49,1m5,0.173248831
-11.38706548,0.28213976,4.10E-12,137800502,0m0,0.110254643
-11.38706548,0.28213976,4.10E-12,141014357,0m5,0.206628692
-11.38706548,0.28213976,4.10E-12,142754407,1m0,0.31283308
-11.38706548,0.28213976,4.10E-12,140683871,1m5,0.461531621
-12.52186364,0.702804124,3.01E-13,1609455.27,0m0,0
-12.52186364,0.702804124,3.01E-13,2333497.06,0m5,0
-12.52186364,0.702804124,3.01E-13,3977801.57,1m0,0.014902723
-12.52186364,0.702804124,3.01E-13,7570371.45,1m5,0.008037558
-12.12775536,0.345691826,7.45E-13,9521185.96,0m0,0.350918321
-12.12775536,0.345691826,7.45E-13,10223033.1,0m5,0.33653761
-12.12775536,0.345691826,7.45E-13,15244180.8,1m0,0.537479637
-12.12775536,0.345691826,7.45E-13,24295383.6,1m5,0.66769479
-12.5300622,0.08487831,2.95E-13,22816525.3,0m0,0.358496413
-12.5300622,0.08487831,2.95E-13,24912199.1,0m5,0.497808682
-12.5300622,0.08487831,2.95E-13,38684071.9,1m0,0.617958656
-12.5300622,0.08487831,2.95E-13,59566280.9,1m5,0.792838139
-11.00021176,0.30942296,1.00E-11,507356487,0m0,0.332544504
-11.00021176,0.30942296,1.00E-11,542347437,0m5,0.57023538
-11.00021176,0.30942296,1.00E-11,585171477,1m0,0.784750766
-11.00021176,0.30942296,1.00E-11,508008745,1m5,0.845445352
-11.86991074,0.276448786,1.35E-12,4533166.14,0m0,0.022322462
-11.86991074,0.276448786,1.35E-12,3218369.3,0m5,0.038060835
-11.86991074,0.276448786,1.35E-12,3380988.93,1m0,0.111632643
-11.86991074,0.276448786,1.35E-12,3416347.17,1m5,0.190445005
-11.59777008,0.438868914,2.52E-12,6049774.53,0m0,0.032193709
-11.59777008,0.438868914,2.52E-12,4584480.62,0m5,0.058626819
-11.59777008,0.438868914,2.52E-12,4756560.36,1m0,0.131034178
-11.59777008,0.438868914,2.52E-12,4182461.94,1m5,0.224261453
-12.24636617,0.469108127,5.67E-13,1953466.56,0m0,0.026391883
-12.24636617,0.469108127,5.67E-13,2226977.66,0m5,0.043813366
-12.24636617,0.469108127,5.67E-13,3403312.31,1m0,0.139866766
-12.24636617,0.469108127,5.67E-13,6733972.04,1m5,0.248729003
-12.21633014,0.336325183,6.08E-13,3695187.1,0m0,0.121043853
-12.21633014,0.336325183,6.08E-13,4014030.41,0m5,0.223585246
-12.21633014,0.336325183,6.08E-13,5856861.98,1m0,0.362169247
-12.21633014,0.336325183,6.08E-13,9698853.99,1m5,0.552362947
-13.34829809,0.073451935,4.48E-14,7385856.57,0m0,0.008718039
-13.34829809,0.073451935,4.48E-14,9604403.87,0m5,0.004403724
-13.34829809,0.073451935,4.48E-14,15293934.8,1m0,0.037880951
-13.34829809,0.073451935,4.48E-14,20442661.7,1m5,0.038317033
-11.63118499,0.025370048,2.34E-12,1348731470,0m0,0.346095764
-11.63118499,0.025370048,2.34E-12,1632155760,0m5,0.624326073
-11.63118499,0.025370048,2.34E-12,2239714800,1m0,0.869094133
-11.63118499,0.025370048,2.34E-12,3351210350,1m5,0.983482077
-11.99661291,0.387934322,1.01E-12,4630250.2,0m0,0.013256013
-11.99661291,0.387934322,1.01E-12,3921593.55,0m5,0.02497864
-11.99661291,0.387934322,1.01E-12,4288845.52,1m0,0.088023097
-11.99661291,0.387934322,1.01E-12,5628550.07,1m5,0.153647199
-11.79227249,0.048300579,1.61E-12,540037018,0m0,0.249801447
-11.79227249,0.048300579,1.61E-12,636856579,0m5,0.449508984
-11.79227249,0.048300579,1.61E-12,825128704,1m0,0.69251715
-11.79227249,0.048300579,1.61E-12,1058924470,1m5,0.865214049
-11.80143659,0.30051823,1.58E-12,22702694.3,0m0,0.042729664
-11.80143659,0.30051823,1.58E-12,17955384.7,0m5,0.073429864
-11.80143659,0.30051823,1.58E-12,14920797.5,1m0,0.131132946
-11.80143659,0.30051823,1.58E-12,13070581.9,1m5,0.223969464
-11.05977045,0.33162086,8.71E-12,228923380,0m0,0.241112569
-11.05977045,0.33162086,8.71E-12,239956492,0m5,0.439720751
-11.05977045,0.33162086,8.71E-12,258600826,1m0,0.674772953
-11.05977045,0.33162086,8.71E-12,256716916,1m5,0.797609742
-12.09711502,0.178635148,8.00E-13,29569897.8,0m0,0.026653989
-12.09711502,0.178635148,8.00E-13,22698719.3,0m5,0.043289138
-12.09711502,0.178635148,8.00E-13,19943470.1,1m0,0.084133995
-12.09711502,0.178635148,8.00E-13,19459161.4,1m5,0.148724448
-12.49339061,0.183749566,3.21E-13,2647314.33,0m0,0.019486311
-12.49339061,0.183749566,3.21E-13,2988593.53,0m5,0.035483564
-12.49339061,0.183749566,3.21E-13,4301577.77,1m0,0.110003669
-12.49339061,0.183749566,3.21E-13,7156224.63,1m5,0.147694734
-11.35832668,0.498655558,4.38E-12,46118399.3,0m0,0.07313582
-11.35832668,0.498655558,4.38E-12,41539924.5,0m5,0.135452377
-11.35832668,0.498655558,4.38E-12,36756142.3,1m0,0.214267779
-11.35832668,0.498655558,4.38E-12,30478095.7,1m5,0.336365042
-10.88254364,0.56683469,1.31E-11,170144394,0m0,0.223934703
-10.88254364,0.56683469,1.31E-11,175504896,0m5,0.392718273
-10.88254364,0.56683469,1.31E-11,178156728,1m0,0.58052615
-10.88254364,0.56683469,1.31E-11,157022825,1m5,0.651114399
-11.14353696,0.452790203,7.19E-12,90241503.8,0m0,0.080532813
-11.14353696,0.452790203,7.19E-12,77520285.7,0m5,0.155239514
-11.14353696,0.452790203,7.19E-12,60081668.8,1m0,0.230706065
-11.14353696,0.452790203,7.19E-12,44934356.8,1m5,0.374397043
-13.15517074,0.16550656,7.00E-14,5737015.74,0m0,0
-13.15517074,0.16550656,7.00E-14,7827390.85,0m5,0
-13.15517074,0.16550656,7.00E-14,12580183.3,1m0,0.001294675
-13.15517074,0.16550656,7.00E-14,18197955.7,1m5,0.000253873
-12.26720542,0.25441447,5.40E-13,5157640.47,0m0,0.123139039
-12.26720542,0.25441447,5.40E-13,5457082.84,0m5,0.162366881
-12.26720542,0.25441447,5.40E-13,7495359.75,1m0,0.279052075
-12.26720542,0.25441447,5.40E-13,11466678.8,1m5,0.462905665
-12.33013099,0.516226236,4.68E-13,1535885.43,0m0,0.026120608
-12.33013099,0.516226236,4.68E-13,1962406.29,0m5,0.041035109
-12.33013099,0.516226236,4.68E-13,3313173.89,1m0,0.173999058
-12.33013099,0.516226236,4.68E-13,6839098.4,1m5,0.239203076
-11.04526855,0.260252021,9.01E-12,619226648,0m0,0.260154421
-11.04526855,0.260252021,9.01E-12,693703758,0m5,0.504036095
-11.04526855,0.260252021,9.01E-12,882443662,1m0,0.780166358
-11.04526855,0.260252021,9.01E-12,1150704950,1m5,0.942499903
-12.21267658,0.508644493,6.13E-13,1429714.39,0m0,0.026955604
-12.21267658,0.508644493,6.13E-13,1671257.2,0m5,0.043949228
-12.21267658,0.508644493,6.13E-13,2656803.02,1m0,0.170108463
-12.21267658,0.508644493,6.13E-13,5188910.72,1m5,0.249078322
-12.74138052,0.482688758,1.81E-13,2001251.82,0m0,0.002502771
-12.74138052,0.482688758,1.81E-13,2901476.15,0m5,0.000202713
-12.74138052,0.482688758,1.81E-13,4818309.32,1m0,0.069986328
-12.74138052,0.482688758,1.81E-13,9329212.32,1m5,0.084382919
-11.94653668,0.591624431,1.13E-12,4311500.42,0m0,0.066359098
-11.94653668,0.591624431,1.13E-12,4149830.99,0m5,0.107550173
-11.94653668,0.591624431,1.13E-12,5129771.7,1m0,0.221443604
-11.94653668,0.591624431,1.13E-12,8351812.44,1m5,0.392375882
-11.77245463,0.203082537,1.69E-12,33439496.8,0m0,0.057404446
-11.77245463,0.203082537,1.69E-12,27403376.3,0m5,0.103634818
-11.77245463,0.203082537,1.69E-12,21700856.5,1m0,0.174956006
-11.77245463,0.203082537,1.69E-12,16035223.7,1m5,0.262329297
-12.27998845,0.22661476,5.25E-13,20091606.9,0m0,0.337235873
-12.27998845,0.22661476,5.25E-13,23065753.8,0m5,0.473215651
-12.27998845,0.22661476,5.25E-13,34885235.8,1m0,0.636420205
-12.27998845,0.22661476,5.25E-13,57229271.9,1m5,0.772919472
-12.60879574,0.380072773,2.46E-13,1847949.05,0m0,0.002120692
-12.60879574,0.380072773,2.46E-13,2557233.55,0m5,0.001243926
-12.60879574,0.380072773,2.46E-13,4346632.18,1m0,0.042167647
-12.60879574,0.380072773,2.46E-13,8179057.17,1m5,0.03836362
-11.102499,0.3672464,7.90E-12,166810781,0m0,0.191302743
-11.102499,0.3672464,7.90E-12,172105352,0m5,0.332378314
-11.102499,0.3672464,7.90E-12,173000527,1m0,0.486034614
-11.102499,0.3672464,7.90E-12,127738409,1m5,0.520439323
-12.86240167,0.143293536,1.37E-13,2632255.25,0m0,0.001309156
-12.86240167,0.143293536,1.37E-13,3461919.72,0m5,0.00139996
-12.86240167,0.143293536,1.37E-13,5371040.75,1m0,0.022283788
-12.86240167,0.143293536,1.37E-13,8945389.42,1m5,0.013474919
-12.18853465,0.530254189,6.48E-13,1114757.16,0m0,0.001316278
-12.18853465,0.530254189,6.48E-13,1287022.57,0m5,0.00110621
-12.18853465,0.530254189,6.48E-13,2074627.89,1m0,0.04507011
-12.18853465,0.530254189,6.48E-13,3700404.98,1m5,0.029063705
-13.09655505,0.420995205,8.01E-14,3664855.99,0m0,0
-13.09655505,0.420995205,8.01E-14,5230423.59,0m5,0
-13.09655505,0.420995205,8.01E-14,8083136.39,1m0,0.005238128
-13.09655505,0.420995205,8.01E-14,13303535.8,1m5,0.005457363
-12.41703552,0.572204762,3.83E-13,792723.097,0m0,0.002739121
-12.41703552,0.572204762,3.83E-13,1106677.14,0m5,0.001791652
-12.41703552,0.572204762,3.83E-13,1930866.98,1m0,0.030284076
-12.41703552,0.572204762,3.83E-13,3880216.5,1m5,0.07268829
-11.78171175,0.301166733,1.65E-12,35530461.5,0m0,0.116952313
-11.78171175,0.301166733,1.65E-12,35943076.1,0m5,0.220133012
-11.78171175,0.301166733,1.65E-12,42927520.4,1m0,0.329173791
-11.78171175,0.301166733,1.65E-12,50276235.1,1m5,0.491786256
-11.92935713,0.291397708,1.18E-12,11666072,0m0,0.045184451
-11.92935713,0.291397708,1.18E-12,9881735.12,0m5,0.077284011
-11.92935713,0.291397708,1.18E-12,9289557.61,1m0,0.143920027
-11.92935713,0.291397708,1.18E-12,9324016.14,1m5,0.244780477
-11.72040416,0.114404918,1.90E-12,166505745,0m0,0.098385892
-11.72040416,0.114404918,1.90E-12,150884820,0m5,0.176284578
-11.72040416,0.114404918,1.90E-12,127819053,1m0,0.264374847
-11.72040416,0.114404918,1.90E-12,98120599.1,1m5,0.397791571
-11.46188785,0.375784192,3.45E-12,51123201.3,0m0,0.075563943
-11.46188785,0.375784192,3.45E-12,46859570.4,0m5,0.142524158
-11.46188785,0.375784192,3.45E-12,42744281.6,1m0,0.227462302
-11.46188785,0.375784192,3.45E-12,35547012.2,1m5,0.345200602
-11.982144,0.159991681,1.04E-12,27924128.9,0m0,0.051848846
-11.982144,0.159991681,1.04E-12,22809534.5,0m5,0.09384869
-11.982144,0.159991681,1.04E-12,19433491.6,1m0,0.159293085
-11.982144,0.159991681,1.04E-12,16542048.9,1m5,0.264495809
-13.4404894,0.393581766,3.63E-14,5797268.97,0m0,0
-13.4404894,0.393581766,3.63E-14,7880040.9,0m5,0
-13.4404894,0.393581766,3.63E-14,11182257.7,1m0,0
-13.4404894,0.393581766,3.63E-14,16534397.2,1m5,0
-12.0427138,0.100323807,9.06E-13,95074280.7,0m0,0.080456573
-12.0427138,0.100323807,9.06E-13,84595820.9,0m5,0.144360905
-12.0427138,0.100323807,9.06E-13,77233493.4,1m0,0.227102401
-12.0427138,0.100323807,9.06E-13,67719148.1,1m5,0.362952992
-11.47924584,0.434951873,3.32E-12,27361648.4,0m0,0.054023544
-11.47924584,0.434951873,3.32E-12,22213289.2,0m5,0.097064557
-11.47924584,0.434951873,3.32E-12,17769503.4,1m0,0.166047517
-11.47924584,0.434951873,3.32E-12,14099583.2,1m5,0.262617895
-13.08281883,0.357240446,8.26E-14,5697379.87,0m0,0
-13.08281883,0.357240446,8.26E-14,7994467.23,0m5,0
-13.08281883,0.357240446,8.26E-14,12036379.6,1m0,0.003726732
-13.08281883,0.357240446,8.26E-14,19516216.5,1m5,0.003507238
-13.56786052,0.057189336,2.70E-14,12229320.7,0m0,0.029104709
-13.56786052,0.057189336,2.70E-14,15461482.1,0m5,0.021487811
-13.56786052,0.057189336,2.70E-14,21471823.8,1m0,0.045334333
-13.56786052,0.057189336,2.70E-14,35233121.6,1m5,0.06865384
-11.60747392,0.441495919,2.47E-12,7651049.62,0m0,0.032207222
-11.60747392,0.441495919,2.47E-12,5673874.23,0m5,0.060970938
-11.60747392,0.441495919,2.47E-12,5540122.64,1m0,0.131921666
-11.60747392,0.441495919,2.47E-12,4812690.36,1m5,0.226709898
-12.66326254,0.459355831,2.17E-13,4499879.45,0m0,0.000285003
-12.66326254,0.459355831,2.17E-13,6351513.42,0m5,0
-12.66326254,0.459355831,2.17E-13,10118808.8,1m0,0.0180317
-12.66326254,0.459355831,2.17E-13,18260591.5,1m5,0.015812916
-12.00748493,0.127039701,9.83E-13,42466053.4,0m0,0.066448687
-12.00748493,0.127039701,9.83E-13,36702766.4,0m5,0.125446183
-12.00748493,0.127039701,9.83E-13,32298085.1,1m0,0.194179914
-12.00748493,0.127039701,9.83E-13,26633334,1m5,0.315621737
-11.53398667,0.505032052,2.92E-12,24009407.8,0m0,0.033867772
-11.53398667,0.505032052,2.92E-12,17438807.2,0m5,0.061629354
-11.53398667,0.505032052,2.92E-12,14649351.5,1m0,0.123865484
-11.53398667,0.505032052,2.92E-12,12700367.2,1m5,0.206408003
-12.0682866,0.322504623,8.55E-13,8138307.69,0m0,0.1017415
-12.0682866,0.322504623,8.55E-13,7884521.97,0m5,0.167998902
-12.0682866,0.322504623,8.55E-13,9648037.5,1m0,0.269020605
-12.0682866,0.322504623,8.55E-13,13082685.3,1m5,0.451066896
-11.91142313,0.271390918,1.23E-12,17248515.6,0m0,0.055674176
-11.91142313,0.271390918,1.23E-12,15039442.1,0m5,0.099556918
-11.91142313,0.271390918,1.23E-12,14720890.9,1m0,0.171300981
-11.91142313,0.271390918,1.23E-12,14520993.4,1m5,0.268881407
-10.46800589,0.343950985,3.40E-11,1310960850,0m0,0.619085683
-10.46800589,0.343950985,3.40E-11,1588503580,0m5,0.89316608
-10.46800589,0.343950985,3.40E-11,2387736620,1m0,0.985671513
-10.46800589,0.343950985,3.40E-11,4165971580,1m5,0.999923253
-10.73884941,0.406157006,1.82E-11,335991956,0m0,0.579656459
-10.73884941,0.406157006,1.82E-11,372394876,0m5,0.833896225
-10.73884941,0.406157006,1.82E-11,471399072,1m0,0.954957807
-10.73884941,0.406157006,1.82E-11,721548112,1m5,0.995368048
-12.89540833,0.223205397,1.27E-13,3167229.36,0m0,0.001976477
-12.89540833,0.223205397,1.27E-13,4401515.42,0m5,0.001284987
-12.89540833,0.223205397,1.27E-13,6901468.39,1m0,0.014592458
-12.89540833,0.223205397,1.27E-13,11924812.9,1m5,0.034144844
-11.17122946,0.124134527,6.74E-12,752438688,0m0,0.38543213
-11.17122946,0.124134527,6.74E-12,893461709,0m5,0.688624971
-11.17122946,0.124134527,6.74E-12,1263928630,1m0,0.905981969
-11.17122946,0.124134527,6.74E-12,1774914030,1m5,0.988447956
-13.24926269,0.152881651,5.63E-14,2452591.68,0m0,0.009336119
-13.24926269,0.152881651,5.63E-14,3451737.17,0m5,8.55E-05
-13.24926269,0.152881651,5.63E-14,5343632.62,1m0,0.03237104
-13.24926269,0.152881651,5.63E-14,9037702.81,1m5,0.040127371
-12.2911192,0.246003887,5.12E-13,3924847.52,0m0,0.053060939
-12.2911192,0.246003887,5.12E-13,3856830.65,0m5,0.097445533
-12.2911192,0.246003887,5.12E-13,4647787.03,1m0,0.183304589
-12.2911192,0.246003887,5.12E-13,7322347.87,1m5,0.343505854
-12.62963365,0.317123945,2.35E-13,757088.002,0m0,0
-12.62963365,0.317123945,2.35E-13,1053218.45,0m5,0
-12.62963365,0.317123945,2.35E-13,1757569.54,1m0,0.01660542
-12.62963365,0.317123945,2.35E-13,3444160.57,1m5,0.005360907
-11.74815248,0.631418309,1.79E-12,4955370.47,0m0,0.04082396
-11.74815248,0.631418309,1.79E-12,4351902.71,0m5,0.075715741
-11.74815248,0.631418309,1.79E-12,4732655.09,1m0,0.171955
-11.74815248,0.631418309,1.79E-12,6005817.4,1m5,0.296110909
-12.50109139,0.071197225,3.15E-13,25332638.5,0m0,0.284389208
-12.50109139,0.071197225,3.15E-13,27489230.9,0m5,0.411364646
-12.50109139,0.071197225,3.15E-13,38706270.7,1m0,0.563853643
-12.50109139,0.071197225,3.15E-13,56193550.9,1m5,0.734806596
-11.90969619,0.361178148,1.23E-12,9253887.71,0m0,0.0296
-11.90969619,0.361178148,1.23E-12,7719998.41,0m5,0.047260435
-11.90969619,0.361178148,1.23E-12,7538749.76,1m0,0.118057795
-11.90969619,0.361178148,1.23E-12,8826636.49,1m5,0.206009265
-12.46363507,0.520607429,3.44E-13,1109723.01,0m0,0.000397395
-12.46363507,0.520607429,3.44E-13,1567788.04,0m5,0.00217238
-12.46363507,0.520607429,3.44E-13,2641812.64,1m0,0.020165286
-12.46363507,0.520607429,3.44E-13,5234661.91,1m5,0.032008717
-11.88174002,0.472829115,1.31E-12,5229661.27,0m0,0.030218597
-11.88174002,0.472829115,1.31E-12,4550454.34,0m5,0.060173039
-11.88174002,0.472829115,1.31E-12,4872797.67,1m0,0.143228354
-11.88174002,0.472829115,1.31E-12,6346895.97,1m5,0.249874019
-10.95183176,0.310192694,1.12E-11,349833588,0m0,0.395305605
-10.95183176,0.310192694,1.12E-11,431148812,0m5,0.656792787
-10.95183176,0.310192694,1.12E-11,652700620,1m0,0.867478545
-10.95183176,0.310192694,1.12E-11,1053506470,1m5,0.973427427
-12.98641416,0.249987595,1.03E-13,188118.743,0m0,0
-12.98641416,0.249987595,1.03E-13,275195.964,0m5,0
-12.98641416,0.249987595,1.03E-13,477315.13,1m0,0.006936936
-12.98641416,0.249987595,1.03E-13,984196.027,1m5,0.000615785
-11.65626785,0.146246483,2.21E-12,135006371,0m0,0.082341553
-11.65626785,0.146246483,2.21E-12,117306289,0m5,0.153678508
-11.65626785,0.146246483,2.21E-12,95023131.5,1m0,0.242035619
-11.65626785,0.146246483,2.21E-12,70108697,1m5,0.368443609
-13.14488657,0.539211374,7.16E-14,4954356.38,0m0,0
-13.14488657,0.539211374,7.16E-14,6989654.43,0m5,0
-13.14488657,0.539211374,7.16E-14,10533162.9,1m0,0.001260874
-13.14488657,0.539211374,7.16E-14,16919813.4,1m5,0.001445005
-10.78243628,0.001584111,1.65E-11,10305337200,0m0,0.507059333
-10.78243628,0.001584111,1.65E-11,12505284500,0m5,0.861970253
-10.78243628,0.001584111,1.65E-11,17865014100,1m0,0.987749302
-10.78243628,0.001584111,1.65E-11,30072131700,1m5,0.999953008
-9.436644545,0.108233618,3.66E-10,10488009500,0m0,0.942506411
-9.436644545,0.108233618,3.66E-10,14151373900,0m5,0.999686875
-9.436644545,0.108233618,3.66E-10,31171268700,1m0,1
-9.436644545,0.108233618,3.66E-10,53521806200,1m5,1
-10.16528208,0.03413081,6.83E-11,7426211930,0m0,0.766793165
-10.16528208,0.03413081,6.83E-11,9403736030,0m5,0.983870516
-10.16528208,0.03413081,6.83E-11,16506328400,1m0,0.999890324
-10.16528208,0.03413081,6.83E-11,31843184900,1m5,1
-10.31023338,0.038379388,4.90E-11,6046807380,0m0,0.613514241
-10.31023338,0.038379388,4.90E-11,7519247450,0m5,0.930745863
-10.31023338,0.038379388,4.90E-11,12184875100,1m0,0.998289248
-10.31023338,0.038379388,4.90E-11,23184337300,1m5,1
-10.57403184,0.049474981,2.67E-11,4362113490,0m0,0.624218161
-10.57403184,0.049474981,2.67E-11,5260331580,0m5,0.925976533
-10.57403184,0.049474981,2.67E-11,7646916820,1m0,0.997261921
-10.57403184,0.049474981,2.67E-11,14844649000,1m5,1
-10.11892263,0.034965081,7.60E-11,9062903390,0m0,0.711632119
-10.11892263,0.034965081,7.60E-11,11666491900,0m5,0.96587596
-10.11892263,0.034965081,7.60E-11,20563170600,1m0,0.999597707
-10.11892263,0.034965081,7.60E-11,39407926700,1m5,1
-10.37696056,0.020539706,4.20E-11,8463657330,0m0,0.660344602
-10.37696056,0.020539706,4.20E-11,10657194900,0m5,0.948205819
-10.37696056,0.020539706,4.20E-11,17579943200,1m0,0.999000596
-10.37696056,0.020539706,4.20E-11,32157562900,1m5,1
-9.685031503,0.037009368,2.07E-10,12426334500,0m0,0.848663071
-9.685031503,0.037009368,2.07E-10,16745413900,0m5,0.99582049
-9.685031503,0.037009368,2.07E-10,35743455900,1m0,1
-9.685031503,0.037009368,2.07E-10,58489576400,1m5,1
-10.561664,0.013655877,2.74E-11,8321707770,0m0,0.576916882
-10.561664,0.013655877,2.74E-11,10335835500,0m5,0.906680672
-10.561664,0.013655877,2.74E-11,16182892500,1m0,0.995222855
-10.561664,0.013655877,2.74E-11,28898777300,1m5,1
-10.7705683,0.04474692,1.70E-11,3579903500,0m0,0.517506468
-10.7705683,0.04474692,1.70E-11,4265222270,0m5,0.854919548
-10.7705683,0.04474692,1.70E-11,5940288430,1m0,0.985853528
-10.7705683,0.04474692,1.70E-11,11191711800,1m5,0.999939342
-10.81443467,0.042928542,1.53E-11,3467313140,0m0,0.589189195
-10.81443467,0.042928542,1.53E-11,4102101180,0m5,0.908272505
-10.81443467,0.042928542,1.53E-11,5697287330,1m0,0.995192128
-10.81443467,0.042928542,1.53E-11,10749865700,1m5,1
-10.12309024,0.100121421,7.53E-11,4830033330,0m0,0.681617134
-10.12309024,0.100121421,7.53E-11,5891979140,0m5,0.956626717
-10.12309024,0.100121421,7.53E-11,8983389080,1m0,0.999337532
-10.12309024,0.100121421,7.53E-11,17643910500,1m5,1
-10.72762126,0.019421961,1.87E-11,4007125930,0m0,0.614154879
-10.72762126,0.019421961,1.87E-11,4871966200,0m5,0.932527652
-10.72762126,0.019421961,1.87E-11,7345446320,1m0,0.99851651
-10.72762126,0.019421961,1.87E-11,13736609800,1m5,1
-10.73216749,0.038948566,1.85E-11,3521827470,0m0,0.748515393
-10.73216749,0.038948566,1.85E-11,4245541600,0m5,0.974237908
-10.73216749,0.038948566,1.85E-11,6147330490,1m0,0.999794956
-10.73216749,0.038948566,1.85E-11,11988320000,1m5,1
-10.39549518,0.045361898,4.02E-11,5377488980,0m0,0.681697014
-10.39549518,0.045361898,4.02E-11,6599369900,0m5,0.956593731
-10.39549518,0.045361898,4.02E-11,10213900600,1m0,0.999423397
-10.39549518,0.045361898,4.02E-11,19728258800,1m5,1
-10.98160845,0.01883918,1.04E-11,2860051140,0m0,0.574608742
-10.98160845,0.01883918,1.04E-11,3484154660,0m5,0.891440505
-10.98160845,0.01883918,1.04E-11,4966549540,1m0,0.991365914
-10.98160845,0.01883918,1.04E-11,9461144820,1m5,0.999981792
-10.66268131,0.149520684,2.17E-11,2605275530,0m0,0.422937751
-10.66268131,0.149520684,2.17E-11,3150344340,0m5,0.743234112
-10.66268131,0.149520684,2.17E-11,4332390740,1m0,0.942784691
-10.66268131,0.149520684,2.17E-11,7436174170,1m5,0.998818492
-10.94603114,0.046801142,1.13E-11,2252293360,0m0,0.669469053
-10.94603114,0.046801142,1.13E-11,2632500550,0m5,0.943585284
-10.94603114,0.046801142,1.13E-11,3778305730,1m0,0.99816483
-10.94603114,0.046801142,1.13E-11,6969785390,1m5,1
-10.47507231,0.030463152,3.35E-11,6191855940,0m0,0.649884008
-10.47507231,0.030463152,3.35E-11,7640758740,0m5,0.945360135
-10.47507231,0.030463152,3.35E-11,11848556200,1m0,0.999002007
-10.47507231,0.030463152,3.35E-11,22323037600,1m5,1
-10.62558982,0.055277619,2.37E-11,4005882640,0m0,0.568422613
-10.62558982,0.055277619,2.37E-11,4833647720,0m5,0.887531589
-10.62558982,0.055277619,2.37E-11,6905820470,1m0,0.991080432
-10.62558982,0.055277619,2.37E-11,13259771300,1m5,0.999975115
-10.869071,0.168421551,1.35E-11,909341578,0m0,0.543857049
-10.869071,0.168421551,1.35E-11,1109690830,0m5,0.846756467
-10.869071,0.168421551,1.35E-11,1656881700,1m0,0.97543703
-10.869071,0.168421551,1.35E-11,2915696140,1m5,0.999785369
-10.48772788,0.039183781,3.25E-11,5148678370,0m0,0.619555173
-10.48772788,0.039183781,3.25E-11,6240501450,0m5,0.931768338
-10.48772788,0.039183781,3.25E-11,9462357390,1m0,0.99841674
-10.48772788,0.039183781,3.25E-11,18038934200,1m5,1
-9.848127791,0.197396816,1.42E-10,5146712010,0m0,0.812004418
-9.848127791,0.197396816,1.42E-10,6361147910,0m5,0.987213563
-9.848127791,0.197396816,1.42E-10,9807848170,1m0,0.999903366
-9.848127791,0.197396816,1.42E-10,19697842600,1m5,1
-10.85127693,0.038767471,1.41E-11,3179704650,0m0,0.521099808
-10.85127693,0.038767471,1.41E-11,3834130970,0m5,0.850069564
-10.85127693,0.038767471,1.41E-11,5338809700,1m0,0.983490127
-10.85127693,0.038767471,1.41E-11,10083343600,1m5,0.999917139
-10.95987916,0.077136055,1.10E-11,1977545130,0m0,0.453131236
-10.95987916,0.077136055,1.10E-11,2381977880,0m5,0.775978519
-10.95987916,0.077136055,1.10E-11,3320698830,1m0,0.956237869
-10.95987916,0.077136055,1.10E-11,5666375760,1m5,0.99932483
-10.67655229,0.187158448,2.11E-11,1290331370,0m0,0.595886681
-10.67655229,0.187158448,2.11E-11,1549319100,0m5,0.895074824
-10.67655229,0.187158448,2.11E-11,2305898550,1m0,0.989058436
-10.67655229,0.187158448,2.11E-11,3995253910,1m5,0.999949634
-10.55864906,0.031805284,2.76E-11,4658945310,0m0,0.692643834
-10.55864906,0.031805284,2.76E-11,5544788400,0m5,0.970408857
-10.55864906,0.031805284,2.76E-11,8377731080,1m0,0.999819751
-10.55864906,0.031805284,2.76E-11,15962250000,1m5,1
-10.22481536,0.020621728,5.96E-11,8716108290,0m0,0.716891458
-10.22481536,0.020621728,5.96E-11,11161054700,0m5,0.969977341
-10.22481536,0.020621728,5.96E-11,19671018400,1m0,0.999733906
-10.22481536,0.020621728,5.96E-11,36566371800,1m5,1
-10.52077582,0.024523091,3.01E-11,5701901240,0m0,0.60364305
-10.52077582,0.024523091,3.01E-11,7191735680,0m5,0.914737645
-10.52077582,0.024523091,3.01E-11,11445849900,1m0,0.995077745
-10.52077582,0.024523091,3.01E-11,21581117200,1m5,1
-10.74710307,0.191938286,1.79E-11,955262243,0m0,0.565370996
-10.74710307,0.191938286,1.79E-11,1149084730,0m5,0.878310297
-10.74710307,0.191938286,1.79E-11,1693298040,1m0,0.984221464
-10.74710307,0.191938286,1.79E-11,3001449180,1m5,1
-10.90374995,0.031284475,1.25E-11,2994835720,0m0,0.531012048
-10.90374995,0.031284475,1.25E-11,3620455780,0m5,0.858478431
-10.90374995,0.031284475,1.25E-11,5073064500,1m0,0.984996402
-10.90374995,0.031284475,1.25E-11,9636216040,1m5,0.999929469
-10.95088936,0.048705641,1.12E-11,2549747640,0m0,0.565470531
-10.95088936,0.048705641,1.12E-11,3000107310,0m5,0.886991865
-10.95088936,0.048705641,1.12E-11,4206773840,1m0,0.99060063
-10.95088936,0.048705641,1.12E-11,7585976100,1m5,0.999976708
-10.58150533,0.014097624,2.62E-11,9011140060,0m0,0.535196301
-10.58150533,0.014097624,2.62E-11,11043552600,0m5,0.885508091
-10.58150533,0.014097624,2.62E-11,16882178600,1m0,0.993036782
-10.58150533,0.014097624,2.62E-11,29805641300,1m5,0.999996977